{"cameraMode":{"drawMode":0,"name":"Shaded","section":"Shading Mode"},"sceneLighting":true,"audioPlay":false,"sceneViewState":{"m_AlwaysRefresh":false,"showFog":true,"showSkybox":true,"showFlares":true,"showImageEffects":true,"showParticleSystems":true,"showVisualEffectGraphs":true,"m_FxEnabled":true},"in2DMode":false,"pivot":{"x":0.3842155933380127,"y":0.000023603439331054688,"z":12.687206268310547},"rotation":{"x":-0.03929615765810013,"y":0.010773837566375733,"z":-0.00042525643948465586,"w":-0.9991592764854431},"size":12.505210876464844,"orthographic":false}